trial_id,replicate,epoch,final_epoch_flag,train_loss,val_loss,test_loss,train_mae,val_mae,test_mae,train_rmse,val_rmse,test_rmse,train_r2,val_r2,test_r2,train_mape,val_mape,test_mape,optimizer,learning_rate,dynamic_learning_rate,batch_size,dropout_rate,layers,param_set_id,early_stopped,runtime_seconds,hyeperparameters
trial_1747260983,0,0,0,0.03381625562906265,0.12053602933883667,0.29667791724205017,0.1392797976732254,0.34372490644454956,0.5276071429252625,,,0.5446814850320535,,,-13.317709335364894,,,0.6700757885817713,adagrad,0.0010000000474974513,,,,,manual,False,2.896911859512329,{}
trial_1747260983,0,1,0,0.014768564142286777,0.08542279899120331,0.23075193166732788,0.09962094575166702,0.28852778673171997,0.46290403604507446,,,0.48036647189513176,,,-10.13611457431213,,,0.5852068366619458,adagrad,0.0010000000474974513,,,,,manual,False,4.177119255065918,{}
trial_1747260983,0,2,0,0.013221604749560356,0.07546771317720413,0.20726563036441803,0.09720374643802643,0.2710064947605133,0.43829065561294556,,,0.4552643531249181,,,-9.00266235431603,,,0.553611883381486,adagrad,0.0010000000474974513,,,,,manual,False,5.313355207443237,{}
trial_1747260983,0,3,0,0.012142891995608807,0.06985447555780411,0.19160926342010498,0.09355651587247849,0.2607000768184662,0.42142289876937866,,,0.43773194900624773,,,-8.247084102689945,,,0.5322948161608693,adagrad,0.0010000000474974513,,,,,manual,False,6.4358885288238525,{}
trial_1747260983,0,4,0,0.011142375878989697,0.06213745102286339,0.1725543737411499,0.08907905220985413,0.2457234263420105,0.39961448311805725,,,0.4153966403403097,,,-7.327492979502283,,,0.5044051673329483,adagrad,0.0010000000474974513,,,,,manual,False,7.558288812637329,{}
trial_1747260983,0,5,0,0.010101118125021458,0.05621466413140297,0.15689755976200104,0.08447319269180298,0.2336205691099167,0.38091224431991577,,,0.39610297957772644,,,-6.571894153132392,,,0.4806322738556578,adagrad,0.0010000000474974513,,,,,manual,False,8.69774317741394,{}
trial_1747260983,0,6,0,0.008980551734566689,0.049174871295690536,0.13957247138023376,0.07958932220935822,0.21830172836780548,0.35887864232063293,,,0.37359399577961416,,,-5.735783062265253,,,0.4524120331382834,adagrad,0.0010000000474974513,,,,,manual,False,9.820319890975952,{}
trial_1747260983,0,7,0,0.008029852993786335,0.044655874371528625,0.12691155076026917,0.07545851916074753,0.20794591307640076,0.3421393632888794,,,0.35624645058419546,,,-5.124764687213187,,,0.4312233594760514,adagrad,0.0010000000474974513,,,,,manual,False,10.985099077224731,{}
trial_1747260983,0,8,0,0.007253033109009266,0.03940381854772568,0.11318226158618927,0.07127223163843155,0.19516775012016296,0.32284191250801086,,,0.3364257170753153,,,-4.4621885726305885,,,0.40662819103711734,adagrad,0.0010000000474974513,,,,,manual,False,12.105724334716797,{}
trial_1747260983,0,9,1,0.006635651923716068,0.034281063824892044,0.09985392540693283,0.06776337325572968,0.18183355033397675,0.3029131293296814,,,0.31599671403021234,,,-3.818961413878787,,,0.3811993382224617,adagrad,0.0010000000474974513,,,,,manual,False,13.205312013626099,{}
trial_1747260983,0,0,0,0.012346669100224972,0.00341430283151567,0.011462928727269173,0.07472995668649673,0.05414026603102684,0.10307765007019043,,,0.10706506969986641,,,0.44679776768147883,,,0.13260705596061179,adam,9.999999747378752e-05,,,,,manual,False,2.512251853942871,{}
trial_1747260983,0,1,0,0.0011172657832503319,0.0012476029805839062,0.002142211887985468,0.02499411441385746,0.02303449437022209,0.03202588111162186,,,0.04628403464284954,,,0.8966166178713282,,,0.04595848677173385,adam,9.999999747378752e-05,,,,,manual,False,4.119832277297974,{}
trial_1747260983,0,2,0,0.0008655681158415973,0.0011400268413126469,0.0017477551009505987,0.02156209759414196,0.0213440153747797,0.02703171968460083,,,0.04180616057736937,,,0.9156531468241461,,,0.04018652796516253,adam,9.999999747378752e-05,,,,,manual,False,5.594576358795166,{}
trial_1747260983,0,3,0,0.000815528561361134,0.001001099357381463,0.001549309934489429,0.02095503732562065,0.019438758492469788,0.024497151374816895,,,0.03936127505300507,,,0.9252301288043163,,,0.03727964814869523,adam,9.999999747378752e-05,,,,,manual,False,6.999943733215332,{}
trial_1747260983,0,4,0,0.000826020201202482,0.0008282157359644771,0.0012958832085132599,0.02085125260055065,0.01813848875463009,0.02163638174533844,,,0.035998378602417294,,,0.937460530027403,,,0.03417902109736473,adam,9.999999747378752e-05,,,,,manual,False,8.428282976150513,{}
trial_1747260983,0,5,0,0.0007029880071058869,0.0008456180221401155,0.0012822860153391957,0.01943170092999935,0.018168797716498375,0.021546686068177223,,,0.03580902310068563,,,0.9381167288643224,,,0.03390720860372078,adam,9.999999747378752e-05,,,,,manual,False,9.8627450466156,{}
trial_1747260983,0,6,0,0.0006733467453159392,0.0007499019266106188,0.0013922087382525206,0.019293203949928284,0.01816101372241974,0.025977419689297676,,,0.03731231264909967,,,0.9328118549002675,,,0.03901665821505817,adam,9.999999747378752e-05,,,,,manual,False,11.296599388122559,{}
trial_1747260983,0,7,0,0.0006803589640185237,0.0008056056103669107,0.0022522828076034784,0.019132275134325027,0.023341936990618706,0.04084920138120651,,,0.04745822267947269,,,0.8913045774123002,,,0.05679753771303429,adam,9.999999747378752e-05,,,,,manual,False,12.7048921585083,{}
trial_1747260983,0,8,0,0.0006968547822907567,0.0007027962128631771,0.0017681014724075794,0.019413577392697334,0.019418589770793915,0.03358299285173416,,,0.04204880029780672,,,0.9146712203409842,,,0.0477118240112143,adam,9.999999747378752e-05,,,,,manual,False,14.166400909423828,{}
trial_1747260983,0,9,1,0.0006457571289502084,0.0007384190103039145,0.0021343007683753967,0.0186900831758976,0.021686876192688942,0.039258185774087906,,,0.04619849431136877,,,0.8969984029420573,,,0.054548564231449104,adam,9.999999747378752e-05,,,,,manual,False,15.67142653465271,{}
trial_1747260983,0,0,0,0.0028138463385403156,0.000351921800756827,0.0006564153591170907,0.031076939776539803,0.013268964365124702,0.020257510244846344,,,0.02562060481898023,,,0.9683213204021928,,,0.028676468086780784,adam,0.0010000000474974513,,,,,manual,False,1.824540138244629,{}
trial_1747260983,0,1,0,0.0004971327725797892,0.0005541476421058178,0.0016261221608147025,0.016162559390068054,0.020550116896629333,0.03680960834026337,,,0.04032520320482896,,,0.9215231712472718,,,0.04871717760065026,adam,0.0010000000474974513,,,,,manual,False,3.143038749694824,{}
trial_1747260983,0,2,0,0.000498392793815583,0.0006254850886762142,0.0005133383092470467,0.016145966947078705,0.017276346683502197,0.01397816464304924,,,0.022656971738986457,,,0.9752262333988799,,,0.021236376026775278,adam,0.0010000000474974513,,,,,manual,False,4.400298118591309,{}
trial_1747260983,0,3,0,0.0004580369859468192,0.0003244304098188877,0.0006966960499994457,0.015634914860129356,0.012424669228494167,0.02158714458346367,,,0.026394998626000452,,,0.9663773760516303,,,0.02976155220202636,adam,0.0010000000474974513,,,,,manual,False,5.609662055969238,{}
trial_1747260983,0,4,0,0.0004248683981131762,0.00037926764343865216,0.00047376262955367565,0.0151379918679595,0.011908210813999176,0.015699123963713646,,,0.021766090274946852,,,0.977136160227501,,,0.02274775699435796,adam,0.0010000000474974513,,,,,manual,False,6.856645107269287,{}
trial_1747260983,0,5,0,0.0004263771406840533,0.0005759576451964676,0.0018544129561632872,0.015001134015619755,0.021228691563010216,0.03972390294075012,,,0.043062894494038384,,,0.9105058286005007,,,0.05196543292641796,adam,0.0010000000474974513,,,,,manual,False,8.148428440093994,{}
trial_1747260983,0,6,0,0.0004099365323781967,0.00044406659435480833,0.0011157187400385737,0.014530266635119915,0.01799238845705986,0.029899638146162033,,,0.03340237436870711,,,0.9461552959508454,,,0.04019568795755956,adam,0.0010000000474974513,,,,,manual,False,9.382985591888428,{}
trial_1747260983,0,7,0,0.00038534586201421916,0.0003105573123320937,0.000543441972695291,0.014215881004929543,0.011066748760640621,0.0184873528778553,,,0.023311842050602712,,,0.9737734297728834,,,0.025721703346751622,adam,0.0010000000474974513,,,,,manual,False,10.647466659545898,{}
trial_1747260983,0,8,0,0.0003786916786339134,0.00046041447785682976,0.0015209338162094355,0.014118443243205547,0.018636688590049744,0.035655513405799866,,,0.03899915103990318,,,0.9265995669762372,,,0.04666918869131003,adam,0.0010000000474974513,,,,,manual,False,11.90039873123169,{}
trial_1747260983,0,9,1,0.0003207172267138958,0.0006695598131045699,0.0022010800894349813,0.012891944497823715,0.023393452167510986,0.043821364641189575,,,0.04691567039733663,,,0.8937756288235605,,,0.05677871473917788,adam,0.0010000000474974513,,,,,manual,False,13.05395770072937,{}
trial_1747260983,0,0,0,0.002884086687117815,0.00013658293755725026,0.0004144007689319551,0.029360052198171616,0.007940804585814476,0.017622167244553566,,,0.020356833809656825,,,0.980000977082103,,,0.023170030044912193,adam,0.009999999776482582,,,,,manual,False,1.1860389709472656,{}
trial_1747260983,0,1,0,0.00020857468189205974,0.00041181742562912405,0.0006428983178921044,0.010665440000593662,0.016492174938321114,0.022070186212658882,,,0.025355441268566332,,,0.9689736518084247,,,0.028995628741753043,adam,0.009999999776482582,,,,,manual,False,2.067399024963379,{}
trial_1747260983,0,2,0,0.0002073857467621565,0.001991751603782177,0.002945007523521781,0.01066148467361927,0.04289436712861061,0.05186527222394943,,,0.054267923752673315,,,0.8578736090323589,,,0.06736772224470218,adam,0.009999999776482582,,,,,manual,False,2.8609681129455566,{}
trial_1747260983,0,3,0,0.00018684394308365881,0.00023272498219739646,0.0005599734140560031,0.009899206459522247,0.01332223229110241,0.021348265931010246,,,0.02366375731249879,,,0.9729756211102868,,,0.02813908305021268,adam,0.009999999776482582,,,,,manual,False,3.6842246055603027,{}
trial_1747260983,0,4,0,0.00016873364802449942,0.00014392146840691566,0.0002690111577976495,0.00960642471909523,0.009401326067745686,0.013909567147493362,,,0.01640155806291611,,,0.9870174941408579,,,0.019117563481110513,adam,0.009999999776482582,,,,,manual,False,4.5030694007873535,{}
trial_1747260983,0,5,0,0.00012312641774769872,0.00011281767365289852,0.0002950740745291114,0.008080391213297844,0.0071614887565374374,0.014707699418067932,,,0.01717771831622499,,,0.9857596957121717,,,0.019591338697628365,adam,0.009999999776482582,,,,,manual,False,5.311927318572998,{}
trial_1747260983,0,6,0,0.00013605495041701943,0.00015818812244106084,0.00038899804349057376,0.008641507476568222,0.01037199329584837,0.017436686903238297,,,0.019723032613536508,,,0.9812269126228446,,,0.02315969691316016,adam,0.009999999776482582,,,,,manual,False,6.155704975128174,{}
trial_1747260983,0,7,0,0.0001139678352046758,0.00016364014300052077,0.00032356748124584556,0.007877259515225887,0.010639892891049385,0.01564870961010456,,,0.017987979954900923,,,0.9843846002805406,,,0.02114567721220511,adam,0.009999999776482582,,,,,manual,False,6.950524806976318,{}
trial_1747260983,0,8,0,0.00011722478666342795,0.0005229286616668105,0.0006273369072005153,0.008046024478971958,0.020325690507888794,0.022630799561738968,,,0.025046695554412354,,,0.9697246488089352,,,0.030106470840900106,adam,0.009999999776482582,,,,,manual,False,7.749822378158569,{}
trial_1747260983,0,9,1,0.00011052905028918758,0.00011494260979816318,0.0002048495371127501,0.007783594541251659,0.008019286207854748,0.011819442734122276,,,0.014312564105184979,,,0.9901139408282275,,,0.01640410138017814,adam,0.009999999776482582,,,,,manual,False,8.543734312057495,{}
trial_1747260983,0,0,0,0.006927019916474819,0.0008406990091316402,0.001379213179461658,0.047401852905750275,0.017848225310444832,0.02374948002398014,,,0.03713776045989869,,,0.9334390154677268,,,0.036029881629038626,adam,9.999999747378752e-05,,,,,manual,False,2.468771457672119,{}
trial_1747260983,0,1,0,0.0004056143807247281,0.0008862121030688286,0.0014995066449046135,0.014999249950051308,0.018143929541110992,0.025774119421839714,,,0.03872346503470885,,,0.9276336381846979,,,0.03808903662515725,adam,9.999999747378752e-05,,,,,manual,False,4.286075592041016,{}
trial_1747260983,0,2,0,0.0003733622725121677,0.0007114253239706159,0.0011988206533715129,0.01459021121263504,0.01781892590224743,0.022046484053134918,,,0.03462399059147259,,,0.9421447788551878,,,0.03425106161481209,adam,9.999999747378752e-05,,,,,manual,False,5.965551137924194,{}
trial_1747260983,0,3,0,0.0003830134228337556,0.0008481261902488768,0.0012795510701835155,0.014576692134141922,0.01772395893931389,0.02261892706155777,,,0.035770814136532936,,,0.9382487198543622,,,0.034266296255657726,adam,9.999999747378752e-05,,,,,manual,False,7.742243528366089,{}
trial_1747260983,0,4,0,0.00034506028168834746,0.0006898773135617375,0.0011136621469631791,0.013824211433529854,0.01728731393814087,0.021002035588026047,,,0.033371576970154436,,,0.946254541131232,,,0.03274763917243647,adam,9.999999747378752e-05,,,,,manual,False,9.353660583496094,{}
trial_1747260983,0,5,0,0.0003350106708239764,0.0006732198526151478,0.0010812062537297606,0.013707144185900688,0.017143193632364273,0.020915482193231583,,,0.032881701301506173,,,0.9478208649690862,,,0.03253086328384854,adam,9.999999747378752e-05,,,,,manual,False,11.068017959594727,{}
trial_1747260983,0,6,0,0.0003288522711955011,0.0008457978838123381,0.0011520140105858445,0.013579746708273888,0.017650077119469643,0.02083299681544304,,,0.03394133064036349,,,0.9444036801593355,,,0.031883371168177084,adam,9.999999747378752e-05,,,,,manual,False,12.697571516036987,{}
trial_1747260983,0,7,0,0.0003120405599474907,0.0006710131419822574,0.0013710210332646966,0.013301690109074116,0.02056075818836689,0.029398100450634956,,,0.0370273021802914,,,0.9338343693050728,,,0.04261707169452869,adam,9.999999747378752e-05,,,,,manual,False,14.26044225692749,{}
trial_1747260983,0,8,0,0.0003008594794664532,0.0006385206943377852,0.0013741111615672708,0.01289387233555317,0.019745808094739914,0.029726989567279816,,,0.0370690059372857,,,0.9336852410052071,,,0.04269409362375986,adam,9.999999747378752e-05,,,,,manual,False,15.859853506088257,{}
trial_1747260983,0,9,1,0.0002951216883957386,0.0006310087628662586,0.0013403656193986535,0.012823410332202911,0.019595058634877205,0.029279474169015884,,,0.036611006972336026,,,0.93531379628779,,,0.04207603657256531,adam,9.999999747378752e-05,,,,,manual,False,17.442445039749146,{}
trial_1747260983,0,0,0,0.024628842249512672,0.0003882144810631871,0.0005889917374588549,0.06820610910654068,0.01194059569388628,0.017799613997340202,,,0.024269152318291305,,,0.9715751926049324,,,0.02487664813272243,nadam,0.009999999776482582,,,,,manual,False,1.358003854751587,{}
trial_1747260983,0,1,0,0.0002639185113366693,0.0002963826700579375,0.00037702781264670193,0.012044647708535194,0.010698987171053886,0.012883891351521015,,,0.019417206014856168,,,0.9818045922338874,,,0.01934664840856804,nadam,0.009999999776482582,,,,,manual,False,2.3206775188446045,{}
trial_1747260983,0,2,0,0.00020956149091944098,0.00030181719921529293,0.000608303293120116,0.010818324983119965,0.013615163043141365,0.020774153992533684,,,0.024663804828801646,,,0.9706432167785555,,,0.028907876000689066,nadam,0.009999999776482582,,,,,manual,False,3.225424289703369,{}
trial_1747260983,0,3,0,0.00017449900042265654,0.0002877027145586908,0.0005908790044486523,0.009909718297421932,0.01311770174652338,0.02047388069331646,,,0.024308002373332416,,,0.9714841149106451,,,0.028410296618390143,nadam,0.009999999776482582,,,,,manual,False,4.08754563331604,{}
trial_1747260983,0,4,0,0.00015715761401224881,0.000255234946962446,0.000534665014129132,0.009329882450401783,0.011320552788674831,0.01906728558242321,,,0.023122824512541145,,,0.9741970071427521,,,0.026320445532830687,nadam,0.009999999776482582,,,,,manual,False,4.946024417877197,{}
trial_1747260983,0,5,0,0.00014640673180110753,0.0002514744992367923,0.0004031921271234751,0.008990439586341381,0.010385056026279926,0.015493026003241539,,,0.020079644302917553,,,0.9805419037892349,,,0.02206001100247323,nadam,0.009999999776482582,,,,,manual,False,5.811248779296875,{}
trial_1747260983,0,6,0,0.00013276629033498466,0.00027731870068237185,0.0003298426454421133,0.008576111868023872,0.010045123286545277,0.012691955082118511,,,0.01816156990853305,,,0.9840817584959327,,,0.018753930586586004,nadam,0.009999999776482582,,,,,manual,False,6.723715305328369,{}
trial_1747260983,0,7,0,0.0001245297899004072,0.00023955371580086648,0.00042456286610104144,0.00820560846477747,0.011048656888306141,0.016514385119080544,,,0.020604922237100084,,,0.9795105511921994,,,0.023291183347261483,nadam,0.009999999776482582,,,,,manual,False,7.614413261413574,{}
trial_1747260983,0,8,0,0.00011168346827616915,0.0002929001348093152,0.00031599390786141157,0.007807006593793631,0.010317079722881317,0.011704349890351295,,,0.017776216971850993,,,0.9847500998245611,,,0.01753836884263624,nadam,0.009999999776482582,,,,,manual,False,8.520081281661987,{}
trial_1747260983,0,9,1,9.978738671634346e-05,0.00022635246568825096,0.0003289739543106407,0.007485317066311836,0.01010497659444809,0.013620131649076939,,,0.01813763959495826,,,0.9841236797120355,,,0.01980132465960609,nadam,0.009999999776482582,,,,,manual,False,9.418613910675049,{}
trial_1747260983,0,0,0,0.015205452218651772,0.05131323263049126,0.14403434097766876,0.10180768370628357,0.22311170399188995,0.3648797571659088,,,0.3795185668174053,,,-5.951113349189343,,,0.46030972100956963,adagrad,0.009999999776482582,,,,,manual,False,1.5785534381866455,{}
trial_1747260983,0,1,0,0.005174761638045311,0.015334845520555973,0.045811548829078674,0.06018908694386482,0.12072469294071198,0.2050916850566864,,,0.21403631226371092,,,-1.2108701453422421,,,0.25826600203812705,adagrad,0.009999999776482582,,,,,manual,False,2.854735851287842,{}
trial_1747260983,0,2,0,0.0011394548928365111,0.0016842549666762352,0.0076181283220648766,0.02618936449289322,0.03721945360302925,0.08242373168468475,,,0.0872818900853214,,,0.632348281407361,,,0.10513657692892564,adagrad,0.009999999776482582,,,,,manual,False,3.9977810382843018,{}
trial_1747260983,0,3,0,0.0003085696080233902,0.0006411520298570395,0.0029420810751616955,0.012617254629731178,0.020917858928442,0.04887029156088829,,,0.05424095348530219,,,0.8580148428951802,,,0.06411112757179985,adagrad,0.009999999776482582,,,,,manual,False,5.131523609161377,{}
trial_1747260983,0,4,0,0.0002484886208549142,0.0005563097656704485,0.0020817527547478676,0.011681352742016315,0.01762981340289116,0.03944586589932442,,,0.04562622794801888,,,0.8995343848969377,,,0.052700428419395054,adagrad,0.009999999776482582,,,,,manual,False,6.260587453842163,{}
trial_1747260983,0,5,0,0.00024634000146761537,0.0005618843133561313,0.0020868421997874975,0.01165170781314373,0.018092753365635872,0.03968039155006409,,,0.045681965066743706,,,0.8992887768574063,,,0.053084546976517696,adagrad,0.009999999776482582,,,,,manual,False,7.382762432098389,{}
trial_1747260983,0,6,0,0.00022335398534778506,0.0005530337220989168,0.0019453901331871748,0.011242416687309742,0.01721227914094925,0.037764862179756165,,,0.04410657421578123,,,0.9061152681582397,,,0.050699619908642364,adagrad,0.009999999776482582,,,,,manual,False,8.494946479797363,{}
trial_1747260983,0,7,0,0.00024071481311693788,0.0005581312580034137,0.0020195513498038054,0.011600161902606487,0.017868168652057648,0.03887231647968292,,,0.04493941826068094,,,0.9025362295826592,,,0.05211608344511256,adagrad,0.009999999776482582,,,,,manual,False,9.806622743606567,{}
trial_1747260983,0,8,0,0.00022584253747481853,0.0005739860935136676,0.0021984216291457415,0.011324554681777954,0.01879163831472397,0.04112841188907623,,,0.04688732742354273,,,0.8939039358526467,,,0.05486965986498405,adagrad,0.009999999776482582,,,,,manual,False,11.120870113372803,{}
trial_1747260983,0,9,1,0.0002326913527213037,0.0005735898739658296,0.002125937258824706,0.011206598952412605,0.018767602741718292,0.040349919348955154,,,0.04610788577711357,,,0.8974020382422371,,,0.05398822802805824,adagrad,0.009999999776482582,,,,,manual,False,12.377497911453247,{}
trial_1747260983,0,0,0,0.001598699833266437,0.000402533623855561,0.0006286640418693423,0.020608266815543175,0.014603047631680965,0.018268387764692307,,,0.025073173139478447,,,0.9696606050797582,,,0.027060010815041363,nadam,0.0010000000474974513,,,,,manual,False,2.170227527618408,{}
trial_1747260983,0,1,0,0.0002988143533002585,0.00040760869160294533,0.0005068957107141614,0.012854672968387604,0.012421045452356339,0.014971669763326645,,,0.022514344987366992,,,0.9755371558316769,,,0.022449510727026573,nadam,0.0010000000474974513,,,,,manual,False,3.775278091430664,{}
trial_1747260983,0,2,0,0.0002457312657497823,0.0003429237112868577,0.0006066961796022952,0.011684656143188477,0.012934653088450432,0.019175022840499878,,,0.024631202389555542,,,0.9707207774115172,,,0.027329955033762964,nadam,0.0010000000474974513,,,,,manual,False,5.128973722457886,{}
trial_1747260983,0,3,0,0.00026160653214901686,0.00032438390189781785,0.0005310498527251184,0.011894808150827885,0.01205052062869072,0.017577635124325752,,,0.023044518489807445,,,0.9743714761793493,,,0.02520123345534174,nadam,0.0010000000474974513,,,,,manual,False,6.4788243770599365,{}
trial_1747260983,0,4,0,0.00025336892576888204,0.0009809298207983375,0.002671197522431612,0.011856825090944767,0.02891567163169384,0.04890479892492294,,,0.05168362971583134,,,0.8710877084523825,,,0.06378025886150684,nadam,0.0010000000474974513,,,,,manual,False,7.91666579246521,{}
trial_1747260983,0,5,0,0.0002222481998614967,0.0009765706490725279,0.0027831930201500654,0.010897073894739151,0.028947526589035988,0.04994678869843483,,,0.05275597410708466,,,0.8656828065485752,,,0.0647953255858341,nadam,0.0010000000474974513,,,,,manual,False,9.353555679321289,{}
trial_1747260983,0,6,0,0.00021651345014106482,0.002753607230260968,0.006178631912916899,0.010879536159336567,0.05059826374053955,0.07619111239910126,,,0.07860427047621674,,,0.7018185662951216,,,0.09841350416364932,nadam,0.0010000000474974513,,,,,manual,False,10.71004033088684,{}
trial_1747260983,0,7,0,0.00022184892441146076,0.00031205915729515254,0.0006192320724949241,0.011063681915402412,0.014197991229593754,0.021247131749987602,,,0.02488437151196934,,,0.9701157976184741,,,0.029410222520252407,nadam,0.0010000000474974513,,,,,manual,False,12.128604650497437,{}
trial_1747260983,0,8,0,0.00018981125322170556,0.0005567611660808325,0.0005460918764583766,0.010268034413456917,0.01769864186644554,0.017672045156359673,,,0.02336860877293567,,,0.9736455454887958,,,0.024810616360411545,nadam,0.0010000000474974513,,,,,manual,False,13.661497592926025,{}
trial_1747260983,0,9,1,0.0001949482102645561,0.00029919255757704377,0.0006558484164997935,0.01022968627512455,0.014076863415539265,0.022250378504395485,,,0.025609537538234278,,,0.9683486828411315,,,0.03035410925092934,nadam,0.0010000000474974513,,,,,manual,False,15.030738115310669,{}
trial_1747260983,0,0,0,0.0027115363627672195,0.0013786408817395568,0.0023007034324109554,0.026960235089063644,0.03442689776420593,0.044649139046669006,,,0.04796564755039053,,,0.888967801363835,,,0.060755403192449736,nadam,0.0010000000474974513,,,,,manual,False,2.1862189769744873,{}
trial_1747260983,0,1,0,0.0005486389854922891,0.0007736546103842556,0.0016106629045680165,0.017085256054997444,0.024775536730885506,0.036268413066864014,,,0.04013306689527304,,,0.9222692221347433,,,0.049342615492865075,nadam,0.0010000000474974513,,,,,manual,False,3.6935436725616455,{}
trial_1747260983,0,2,0,0.0004909533890895545,0.000372868322301656,0.0009078612783923745,0.0161270834505558,0.013308782130479813,0.024911465123295784,,,0.030130734996245113,,,0.9561865181961209,,,0.03392755803585598,nadam,0.0010000000474974513,,,,,manual,False,5.073649644851685,{}
trial_1747260983,0,3,0,0.0004962006933055818,0.0004189678584225476,0.001308989361859858,0.01620159111917019,0.0165939312428236,0.03206166252493858,,,0.03617995700421334,,,0.9368280317190777,,,0.0426853847225402,nadam,0.0010000000474974513,,,,,manual,False,6.4429192543029785,{}
trial_1747260983,0,4,0,0.0004490981518756598,0.00045320254866965115,0.00047601768164895475,0.015358302742242813,0.013149639591574669,0.014621103182435036,,,0.02181782957059632,,,0.9770273336139254,,,0.021732451486806404,nadam,0.0010000000474974513,,,,,manual,False,7.794205188751221,{}
trial_1747260983,0,5,0,0.00039748704875819385,0.0005431094905361533,0.001411899458616972,0.014420691877603531,0.020368801429867744,0.03413993492722511,,,0.03757524853070984,,,0.9318615830608662,,,0.04559313052692644,nadam,0.0010000000474974513,,,,,manual,False,9.147265434265137,{}
trial_1747260983,0,6,0,0.0003668908029794693,0.0007573214825242758,0.001976363593712449,0.013905219733715057,0.02491297759115696,0.04145743325352669,,,0.0444563118184998,,,0.904620470512167,,,0.054687533247157596,nadam,0.0010000000474974513,,,,,manual,False,10.471120357513428,{}
trial_1747260983,0,7,0,0.00033385399729013443,0.000381761317839846,0.00043760050903074443,0.013384051620960236,0.011818229220807552,0.013676522299647331,,,0.020918903145936616,,,0.978881350902234,,,0.020480580627627292,nadam,0.0010000000474974513,,,,,manual,False,11.923564672470093,{}
trial_1747260983,0,8,0,0.00037232923205010593,0.00029634058591909707,0.0006024776375852525,0.013888295739889145,0.012153735384345055,0.02004798874258995,,,0.0245454186776461,,,0.9709243652517996,,,0.02781644537619903,nadam,0.0010000000474974513,,,,,manual,False,13.27898097038269,{}
trial_1747260983,0,9,1,0.00031220854725688696,0.00031788586056791246,0.0008530805935151875,0.01281346008181572,0.013904927298426628,0.025454089045524597,,,0.02920754226559108,,,0.9588302392244356,,,0.03425336162691416,nadam,0.0010000000474974513,,,,,manual,False,14.631260395050049,{}
trial_1747260983,0,0,0,0.01789747178554535,0.0012846168829128146,0.0010770346270874143,0.05630308762192726,0.029698748141527176,0.0246447641402483,,,0.032818205221904664,,,0.9480221910220593,,,0.03518442986397516,adam,0.009999999776482582,,,,,manual,False,2.5628621578216553,{}
trial_1747260983,0,1,0,0.0005539155681617558,0.0005011878092773259,0.0006924544577486813,0.01790187880396843,0.013831100426614285,0.019357111304998398,,,0.026314528560806145,,,0.9665820731985704,,,0.027227637283741946,adam,0.009999999776482582,,,,,manual,False,4.418125867843628,{}
trial_1747260983,0,2,0,0.0005409272271208465,0.000442812277469784,0.0007051783613860607,0.0176113098859787,0.013126784935593605,0.020008191466331482,,,0.02655519616478259,,,0.9659680101006552,,,0.028102389627156228,adam,0.009999999776482582,,,,,manual,False,6.085122108459473,{}
trial_1747260983,0,3,0,0.0004276172548998147,0.0004260554851498455,0.0006877568666823208,0.0154304513707757,0.015655159950256348,0.020117945969104767,,,0.0262251200771283,,,0.9668087746023799,,,0.029253769513598538,adam,0.009999999776482582,,,,,manual,False,7.747647762298584,{}
trial_1747260983,0,4,0,0.00039547961205244064,0.0004458876501303166,0.0005652939435094595,0.01500880066305399,0.013010802678763866,0.01627613790333271,,,0.02377591159121195,,,0.9727188502052949,,,0.0240399269784453,adam,0.009999999776482582,,,,,manual,False,9.475717782974243,{}
trial_1747260983,0,5,0,0.0003405722964089364,0.0008607550989836454,0.0032394914887845516,0.013875231146812439,0.026439234614372253,0.05308353155851364,,,0.056916527541268414,,,0.8436617998122442,,,0.06841319838319342,adam,0.009999999776482582,,,,,manual,False,11.188387870788574,{}
trial_1747260983,0,6,0,0.00038151288754306734,0.0004096943303011358,0.0016731651267036796,0.01483988855034113,0.01633496582508087,0.036342427134513855,,,0.040904340669829765,,,0.9192528673682854,,,0.04721243189713783,adam,0.009999999776482582,,,,,manual,False,12.871272087097168,{}
trial_1747260983,0,7,0,0.00033935208921320736,0.00037027025246061385,0.0012296180939301848,0.013772476464509964,0.012602054513990879,0.029474295675754547,,,0.035065909336470545,,,0.9406584990384023,,,0.03848633586199034,adam,0.009999999776482582,,,,,manual,False,14.633000373840332,{}
trial_1747260983,0,8,0,0.00032283595646731555,0.0008463447447866201,0.0029118279926478863,0.013601572252810001,0.026366213336586952,0.05049722641706467,,,0.05396135784691719,,,0.8594748509305212,,,0.06525758537833286,adam,0.009999999776482582,,,,,manual,False,16.455540895462036,{}
trial_1747260983,0,9,1,0.00023580215929541737,0.0006626478862017393,0.002528909593820572,0.011448494158685207,0.0228857584297657,0.046594589948654175,,,0.050288263317579546,,,0.8779545505048132,,,0.06016984605794607,adam,0.009999999776482582,,,,,manual,False,18.180463552474976,{}
trial_1747260983,0,0,0,0.00277491076849401,0.0004158087249379605,0.0006635115132667124,0.029987186193466187,0.013317233882844448,0.018854498863220215,,,0.025758717499298978,,,0.9679788600956213,,,0.027280122579850737,adam,0.0010000000474974513,,,,,manual,False,1.7890558242797852,{}
trial_1747260983,0,1,0,0.00033793647889979184,0.00047851455747149885,0.000558122934307903,0.013504678383469582,0.013237988576292992,0.014895714819431305,,,0.023624628044091912,,,0.9730649196854325,,,0.022609313695586813,adam,0.0010000000474974513,,,,,manual,False,3.089578628540039,{}
trial_1747260983,0,2,0,0.0002758771297521889,0.0004009120457340032,0.0007694196538068354,0.012274468317627907,0.01515731681138277,0.02246764488518238,,,0.027738412842426934,,,0.9628677273116264,,,0.03176873390552,adam,0.0010000000474974513,,,,,manual,False,4.210111856460571,{}
trial_1747260983,0,3,0,0.0003129537799395621,0.00047244963934645057,0.0012363424757495522,0.012876389548182487,0.018094418570399284,0.031042451038956642,,,0.03516166092664139,,,0.9403339786748149,,,0.04188115017844064,adam,0.0010000000474974513,,,,,manual,False,5.314814329147339,{}
trial_1747260983,0,4,0,0.00030991958919912577,0.0004923452506773174,0.0005133068189024925,0.01271282322704792,0.013691641390323639,0.01485240925103426,,,0.022656274858061997,,,0.975227757353631,,,0.022158363715278056,adam,0.0010000000474974513,,,,,manual,False,6.414411544799805,{}
trial_1747260983,0,5,0,0.000255127641139552,0.0003496763529255986,0.0006580969202332199,0.011808876879513264,0.012870986945927143,0.020309071987867355,,,0.02565340032817259,,,0.9682401682696726,,,0.02856568159234278,adam,0.0010000000474974513,,,,,manual,False,7.574005603790283,{}
trial_1747260983,0,6,0,0.0002524451701901853,0.0003585458325687796,0.0005883293342776597,0.01175649929791689,0.012006168253719807,0.018534976989030838,,,0.02425550043998545,,,0.9716071626435122,,,0.026236302903424987,adam,0.0010000000474974513,,,,,manual,False,8.708378553390503,{}
trial_1747260983,0,7,0,0.00023170094937086105,0.0005151632358320057,0.0004823528870474547,0.011081673204898834,0.014524191617965698,0.013713181018829346,,,0.02196253457246124,,,0.976721594340983,,,0.02077697836980109,adam,0.0010000000474974513,,,,,manual,False,9.852579832077026,{}
trial_1747260983,0,8,0,0.0002674502320587635,0.0010154995834454894,0.0030460890848189592,0.01193738728761673,0.029347145929932594,0.05211113393306732,,,0.055191386546884255,,,0.8529953997775496,,,0.06759506113048126,adam,0.0010000000474974513,,,,,manual,False,11.008337497711182,{}
trial_1747260983,0,9,1,0.0002443181292619556,0.00037389053613878787,0.000441728945588693,0.011399726383388042,0.011728590354323387,0.014462235383689404,,,0.02101734926930482,,,0.9786821108933061,,,0.021407239140293285,adam,0.0010000000474974513,,,,,manual,False,12.09169864654541,{}
trial_1747260983,0,0,0,0.0019396549323573709,0.0008494133944623172,0.0009676516056060791,0.021429412066936493,0.01869109645485878,0.019814563915133476,,,0.03110710087901291,,,0.9533010204081933,,,0.029609797900561226,nadam,0.0010000000474974513,,,,,manual,False,2.8896689414978027,{}
trial_1747260983,0,1,0,0.0002430524764349684,0.0005091219209134579,0.000989810680039227,0.011694869957864285,0.016667263582348824,0.02448851801455021,,,0.03146125827055276,,,0.9522316223482443,,,0.03509226013891339,nadam,0.0010000000474974513,,,,,manual,False,4.743474721908569,{}
trial_1747260983,0,2,0,0.00029750922112725675,0.000509556382894516,0.0006773686618544161,0.012599769048392773,0.01412751991301775,0.016990670934319496,,,0.026026308193376375,,,0.9673101105223741,,,0.025615685014266983,nadam,0.0010000000474974513,,,,,manual,False,6.434885263442993,{}
trial_1747260983,0,3,0,0.00021065128385089338,0.0005644545890390873,0.0013656346127390862,0.010757498443126678,0.01999334618449211,0.03233686089515686,,,0.03695449264746405,,,0.934094326249487,,,0.044166053981398626,nadam,0.0010000000474974513,,,,,manual,False,8.101053953170776,{}
trial_1747260983,0,4,0,0.00021042083972133696,0.0007862148340791464,0.0021839188411831856,0.01091286726295948,0.02500145323574543,0.04314642772078514,,,0.04673241707827478,,,0.8946038361681328,,,0.057166131863383755,nadam,0.0010000000474974513,,,,,manual,False,9.74427604675293,{}
trial_1747260983,0,5,0,0.00019993822206743062,0.0003796847886405885,0.0008634309051558375,0.010511219501495361,0.013849539682269096,0.02418213151395321,,,0.02938419279055278,,,0.9583307344922244,,,0.03331305459754201,nadam,0.0010000000474974513,,,,,manual,False,11.421604871749878,{}
trial_1747260983,0,6,0,0.00021022006694693118,0.000551101693417877,0.0005126778851263225,0.010735227726399899,0.015097951516509056,0.014532838948071003,,,0.02264239122851015,,,0.9752581086151264,,,0.02185035483703609,nadam,0.0010000000474974513,,,,,manual,False,13.23514723777771,{}
trial_1747260983,0,7,0,0.00016912999853957444,0.0006077054422348738,0.0014137326506897807,0.009693408384919167,0.021763229742646217,0.03410334885120392,,,0.0375996354092928,,,0.9317731087276842,,,0.04589881557529818,nadam,0.0010000000474974513,,,,,manual,False,14.930852174758911,{}
trial_1747260983,0,8,0,0.00018086958152707666,0.0005679467576555908,0.0005757821490988135,0.009881066158413887,0.016087833791971207,0.01654512993991375,,,0.023995462226240924,,,0.9722126867986726,,,0.024035654587781362,nadam,0.0010000000474974513,,,,,manual,False,16.66630220413208,{}
trial_1747260983,0,9,1,0.0001429868134437129,0.0003664714458864182,0.000414807116612792,0.008984970860183239,0.011616898700594902,0.013790959492325783,,,0.020366814300013764,,,0.9799813621471951,,,0.020564157341317963,nadam,0.0010000000474974513,,,,,manual,False,18.390583276748657,{}
trial_1747260983,0,0,0,0.0031651726458221674,0.00126766343601048,0.001441683154553175,0.03264378756284714,0.027285724878311157,0.02843227982521057,,,0.03796950524569435,,,0.9304242026401432,,,0.0401496889137787,nadam,0.0010000000474974513,,,,,manual,False,1.971123456954956,{}
trial_1747260983,0,1,0,0.0009379626717418432,0.0005724026123061776,0.0015744514530524611,0.022232836112380028,0.01970183476805687,0.034643299877643585,,,0.03967935754924162,,,0.9240168000379384,,,0.04695880948069708,nadam,0.0010000000474974513,,,,,manual,False,3.3313839435577393,{}
trial_1747260983,0,2,0,0.000780073634814471,0.0007400159374810755,0.002990167820826173,0.019861984997987747,0.023802779614925385,0.05019386485219002,,,0.05468242551138973,,,0.8556941770475569,,,0.06510220978237699,nadam,0.0010000000474974513,,,,,manual,False,4.507418870925903,{}
trial_1747260983,0,3,0,0.0007133566541597247,0.0006529063684865832,0.002790988190099597,0.019261062145233154,0.022092293947935104,0.04812166839838028,,,0.05282980682318724,,,0.8653065859263082,,,0.062291647106116184,nadam,0.0010000000474974513,,,,,manual,False,5.750291109085083,{}
trial_1747260983,0,4,0,0.000620605715084821,0.0005095868837088346,0.0007224317523650825,0.018073920160531998,0.013834171928465366,0.019040144979953766,,,0.026878091116138106,,,0.965135362061262,,,0.027558252669088523,nadam,0.0010000000474974513,,,,,manual,False,6.919038534164429,{}
trial_1747260983,0,5,0,0.0006043106550350785,0.0008202572935260832,0.0006752157933078706,0.017470665276050568,0.020127158612012863,0.015484662726521492,,,0.02598491651470094,,,0.9674140064287057,,,0.023847708205718104,nadam,0.0010000000474974513,,,,,manual,False,8.17395830154419,{}
trial_1747260983,0,6,0,0.0005647545913234353,0.0004193631175439805,0.0015980458119884133,0.016966992989182472,0.01587517000734806,0.035063400864601135,,,0.03997556234982661,,,0.9228781427927101,,,0.046017784053872655,nadam,0.0010000000474974513,,,,,manual,False,9.45779299736023,{}
trial_1747260983,0,7,0,0.0005137736443430185,0.0004254843224771321,0.0007417611195705831,0.015914296731352806,0.012955587357282639,0.020833676680922508,,,0.027235293178127912,,,0.964202522472217,,,0.02914312715712463,nadam,0.0010000000474974513,,,,,manual,False,10.641554355621338,{}
trial_1747260983,0,8,0,0.00047929055290296674,0.0009167768876068294,0.0038788148667663336,0.015405943617224693,0.027284769341349602,0.05806812271475792,,,0.06228013199881722,,,0.812807965470243,,,0.07431016409755091,nadam,0.0010000000474974513,,,,,manual,False,11.850215673446655,{}
trial_1747260983,0,9,1,0.00046837294939905405,0.0004221253329887986,0.0016169563168659806,0.014935832470655441,0.016507020220160484,0.03574850410223007,,,0.04021139385886826,,,0.921965514613552,,,0.046807120263582545,nadam,0.0010000000474974513,,,,,manual,False,13.1632559299469,{}
trial_1747260983,0,0,0,0.0029452317394316196,0.00040957616874948144,0.0006007417687214911,0.029545195400714874,0.01602037064731121,0.018398968502879143,,,0.02451003418193566,,,0.9710081352711284,,,0.026984517373678067,nadam,0.0010000000474974513,,,,,manual,False,1.3995742797851562,{}
trial_1747260983,0,1,0,0.0005035556969232857,0.0006811718340031803,0.0011538275284692645,0.016173649579286575,0.01954761892557144,0.028392726555466652,,,0.033968036481571616,,,0.9443161567430042,,,0.03788579067108262,nadam,0.0010000000474974513,,,,,manual,False,2.3805365562438965,{}
trial_1747260983,0,2,0,0.0004305869806557894,0.0005616403068415821,0.0007004787330515683,0.01505854818969965,0.017290625721216202,0.02083219587802887,,,0.02646656109203681,,,0.9661948127056221,,,0.029089260197009303,nadam,0.0010000000474974513,,,,,manual,False,3.3113276958465576,{}
trial_1747260983,0,3,0,0.00039807904977351427,0.00027805063291452825,0.00040541798807680607,0.014454731717705727,0.01067240908741951,0.014963247813284397,,,0.02013499351147152,,,0.9804344840997359,,,0.022038261540171637,nadam,0.0010000000474974513,,,,,manual,False,4.218791246414185,{}
trial_1747260983,0,4,0,0.0003740230167750269,0.00037151851574890316,0.0007848638924770057,0.013966708444058895,0.01613590493798256,0.024121394380927086,,,0.028015421088850138,,,0.9621223850428848,,,0.03303591499616525,nadam,0.0010000000474974513,,,,,manual,False,5.110106945037842,{}
trial_1747260983,0,5,0,0.0003494098491501063,0.00030054166563786566,0.0005827515851706266,0.013374008238315582,0.013742203824222088,0.020073600113391876,,,0.024140247354247465,,,0.9718763459246004,,,0.02804752558594337,nadam,0.0010000000474974513,,,,,manual,False,5.992851257324219,{}
trial_1747260983,0,6,0,0.00031799727003090084,0.0002418812655378133,0.00036337770870886743,0.013101506978273392,0.01000985037535429,0.01440759189426899,,,0.019062467117500027,,,0.9824633541768834,,,0.020927686977951093,nadam,0.0010000000474974513,,,,,manual,False,6.8705785274505615,{}
trial_1747260983,0,7,0,0.00030354163027368486,0.00034347825567238033,0.00096870306879282,0.012503518722951412,0.015640100464224815,0.027643399313092232,,,0.031123995431818076,,,0.9532502813422155,,,0.036621171873018665,nadam,0.0010000000474974513,,,,,manual,False,7.748386383056641,{}
trial_1747260983,0,8,0,0.000315787096042186,0.0011764029040932655,0.002743958728387952,0.012888706289231777,0.03247363865375519,0.04960828274488449,,,0.0523828110811614,,,0.867576239263241,,,0.06438371120698501,nadam,0.0010000000474974513,,,,,manual,False,8.577415466308594,{}
trial_1747260983,0,9,1,0.0002888201270252466,0.00022222546976990998,0.00040406978223472834,0.01209526788443327,0.010802339762449265,0.016063621267676353,,,0.020101486746104666,,,0.9804995481063583,,,0.02275522115286045,nadam,0.0010000000474974513,,,,,manual,False,9.484646797180176,{}
trial_1747260983,0,0,0,0.032451603561639786,0.00041091517778113484,0.0005406272830441594,0.06488872319459915,0.012267127633094788,0.016668856143951416,,,0.023251392179180885,,,0.9739092695109741,,,0.024258482666905196,adam,0.009999999776482582,,,,,manual,False,1.940535068511963,{}
trial_1747260983,0,1,0,0.0008240891038440168,0.0006543076015077531,0.0024268038105219603,0.02129804901778698,0.022605502977967262,0.045534390956163406,,,0.04926259879631793,,,0.8828821871276985,,,0.05892835700880848,adam,0.009999999776482582,,,,,manual,False,3.23533296585083,{}
trial_1747260983,0,2,0,0.0006190632120706141,0.0012991387629881501,0.0036818382795900106,0.01830369420349598,0.03351385518908501,0.05778650566935539,,,0.06067815540175513,,,0.8223140635017787,,,0.07487651528511727,adam,0.009999999776482582,,,,,manual,False,4.489973068237305,{}
trial_1747260983,0,3,0,0.000548442592844367,0.0018289410509169102,0.00226200302131474,0.01732478104531765,0.03805284574627876,0.04216943308711052,,,0.047560520414204555,,,0.890835479377076,,,0.05618540079439825,adam,0.009999999776482582,,,,,manual,False,5.728163957595825,{}
trial_1747260983,0,4,0,0.0005299607291817665,0.00036059023113921285,0.0010520531795918941,0.017247509211301804,0.014824016019701958,0.028526974841952324,,,0.032435369317701884,,,0.9492277966982292,,,0.03813010164620387,adam,0.009999999776482582,,,,,manual,False,6.93968391418457,{}
trial_1747260983,0,5,0,0.00040304966387338936,0.00036534390528686345,0.0007935866015031934,0.014832798391580582,0.014806997962296009,0.02399918995797634,,,0.0281706692770547,,,0.9617014222911056,,,0.03300198075474502,adam,0.009999999776482582,,,,,manual,False,8.083096742630005,{}
trial_1747260983,0,6,0,0.00037484089261852205,0.0003180158673785627,0.0006106222281232476,0.014343846589326859,0.012011684477329254,0.019956648349761963,,,0.02471077110650208,,,0.9705313044747644,,,0.02779879859136451,adam,0.009999999776482582,,,,,manual,False,9.26147985458374,{}
trial_1747260983,0,7,0,0.0003266774001531303,0.00034785893512889743,0.0009850289206951857,0.013293277472257614,0.01440173014998436,0.027411263436079025,,,0.0313851688065422,,,0.9524623998315999,,,0.03664242177434561,adam,0.009999999776482582,,,,,manual,False,10.480376958847046,{}
trial_1747260983,0,8,0,0.0003115959989372641,0.000312283169478178,0.00078012136509642,0.012939833104610443,0.012880172580480576,0.023792225867509842,,,0.027930652822540876,,,0.9623512562876197,,,0.032186850129198835,adam,0.009999999776482582,,,,,manual,False,11.750436067581177,{}
trial_1747260983,0,9,1,0.000327386922435835,0.0004263276350684464,0.0004134911287110299,0.013156195171177387,0.012876451946794987,0.013522963970899582,,,0.02033447965774943,,,0.9800448754346759,,,0.020148860716775317,adam,0.009999999776482582,,,,,manual,False,13.030152320861816,{}
trial_1747260983,0,0,0,0.034278105944395065,0.1257978230714798,0.27283990383148193,0.14791777729988098,0.35217174887657166,0.5094903707504272,,,0.5223407900329715,,,-12.167283884279978,,,0.6513458851164251,adagrad,0.0010000000474974513,,,,,manual,False,1.006664514541626,{}
trial_1747260983,0,1,0,0.01511472463607788,0.08237219601869583,0.19843436777591705,0.09137288480997086,0.2842382788658142,0.43212321400642395,,,0.4454597059516962,,,-8.576463724688718,,,0.5495233883606715,adagrad,0.0010000000474974513,,,,,manual,False,1.8257594108581543,{}
trial_1747260983,0,2,0,0.01114607322961092,0.06319227814674377,0.16285085678100586,0.0829039141535759,0.24846023321151733,0.39003923535346985,,,0.4035478245985,,,-6.859199928126798,,,0.494373780418094,adagrad,0.0010000000474974513,,,,,manual,False,2.5917088985443115,{}
trial_1747260983,0,3,0,0.009713707491755486,0.05394710227847099,0.1441417634487152,0.08083507418632507,0.22928708791732788,0.36622098088264465,,,0.37966007698189563,,,-5.956298005043579,,,0.46337857770737745,adagrad,0.0010000000474974513,,,,,manual,False,3.354518175125122,{}
trial_1747260983,0,4,0,0.00907660648226738,0.04913605377078056,0.13327205181121826,0.0785164088010788,0.21869735419750214,0.3518485426902771,,,0.3650644527096446,,,-5.431724140007571,,,0.444873957528083,adagrad,0.0010000000474974513,,,,,manual,False,4.084290981292725,{}
trial_1747260983,0,5,0,0.008684525266289711,0.045075591653585434,0.12380616366863251,0.07682233303785324,0.20935669541358948,0.3388843834400177,,,0.35186098830223556,,,-4.97489877803132,,,0.42822525410130646,adagrad,0.0010000000474974513,,,,,manual,False,4.861140966415405,{}
trial_1747260983,0,6,0,0.008180302567780018,0.04228440672159195,0.11673235148191452,0.07502714544534683,0.20271556079387665,0.3289656341075897,,,0.34166116396438806,,,-4.633516206161667,,,0.41558928243836324,adagrad,0.0010000000474974513,,,,,manual,False,5.592817783355713,{}
trial_1747260983,0,7,0,0.007826314307749271,0.03988374024629593,0.11042306572198868,0.07316514849662781,0.19683614373207092,0.3198980391025543,,,0.33229966482179263,,,-4.329029473925281,,,0.4040765229298948,adagrad,0.0010000000474974513,,,,,manual,False,6.34104585647583,{}
trial_1747260983,0,8,0,0.007369284052401781,0.037315063178539276,0.10388389229774475,0.07119976729154587,0.19033183157444,0.31018176674842834,,,0.3223102588173895,,,-4.01344867935383,,,0.3916984238647274,adagrad,0.0010000000474974513,,,,,manual,False,7.088524103164673,{}
trial_1747260983,0,9,1,0.0071408930234611034,0.03534771874547005,0.09851604700088501,0.06956595927476883,0.18521609902381897,0.3020385503768921,,,0.313872667897173,,,-3.754395580850182,,,0.381391845586247,adagrad,0.0010000000474974513,,,,,manual,False,7.842823505401611,{}
trial_1747260983,0,0,0,0.017331905663013458,0.07037478685379028,0.19506420195102692,0.10786585509777069,0.2615649998188019,0.4249895215034485,,,0.4416607427602131,,,-8.413820494296345,,,0.5365677174601653,adagrad,0.009999999776482582,,,,,manual,False,2.1702582836151123,{}
trial_1747260983,0,1,0,0.00919984932988882,0.03739026561379433,0.1030135452747345,0.07998844236135483,0.19018962979316711,0.3084956109523773,,,0.3209572330277164,,,-3.971445129562176,,,0.38905911074261296,adagrad,0.009999999776482582,,,,,manual,False,3.8505024909973145,{}
trial_1747260983,0,2,0,0.003252581227570772,0.004199580289423466,0.01919947937130928,0.04448065161705017,0.060323115438222885,0.13102556765079498,,,0.13856218566290196,,,0.07343099945143738,,,0.16475634006961057,adagrad,0.009999999776482582,,,,,manual,False,5.31857967376709,{}
trial_1747260983,0,3,0,0.0009493791148997843,0.000788340053986758,0.005559013225138187,0.022568481042981148,0.02322995848953724,0.06695116311311722,,,0.07455878914455702,,,0.731721414108046,,,0.08594477812416451,adagrad,0.009999999776482582,,,,,manual,False,6.795159578323364,{}
trial_1747260983,0,4,0,0.000803207338321954,0.0007107722340151668,0.004583760630339384,0.02039562165737152,0.020729782059788704,0.0595850795507431,,,0.0677034754374041,,,0.7787872056425844,,,0.07697162946418758,adagrad,0.009999999776482582,,,,,manual,False,8.264769077301025,{}
trial_1747260983,0,5,0,0.0007581710233353078,0.0007283838931471109,0.004630149342119694,0.019674737006425858,0.021549401804804802,0.060318026691675186,,,0.06804519957174594,,,0.7765484867353752,,,0.07802118167750892,adagrad,0.009999999776482582,,,,,manual,False,9.676015853881836,{}
trial_1747260983,0,6,0,0.0006821862189099193,0.0007460278575308621,0.004725358914583921,0.019048215821385384,0.022138141095638275,0.06125723943114281,,,0.06874124588452195,,,0.771953656003914,,,0.0792407442087729,adagrad,0.009999999776482582,,,,,manual,False,11.035763025283813,{}
trial_1747260983,0,7,0,0.0007050616550259292,0.0008988873451016843,0.00518990820273757,0.01911955699324608,0.025438036769628525,0.06555275619029999,,,0.07204101860935783,,,0.7495344467361371,,,0.08488951710704488,adagrad,0.009999999776482582,,,,,manual,False,12.447620630264282,{}
trial_1747260983,0,8,0,0.0006415302050299942,0.0007423419156111777,0.004556036554276943,0.018590956926345825,0.022043682634830475,0.0601109117269516,,,0.06749842029112514,,,0.7801251614537552,,,0.07792180710856057,adagrad,0.009999999776482582,,,,,manual,False,13.841582775115967,{}
trial_1747260983,0,9,1,0.0006627038237638772,0.0007120853988453746,0.004186809994280338,0.018694285303354263,0.02089999057352543,0.05705489218235016,,,0.06470556416055726,,,0.7979440833612814,,,0.07418620031819041,adagrad,0.009999999776482582,,,,,manual,False,15.14913296699524,{}
trial_1747260983,0,0,0,0.03663312643766403,0.1335373818874359,0.29373428225517273,0.15082785487174988,0.3628309667110443,0.5281956791877747,,,0.5419725779347225,,,-13.175648705791849,,,0.6747806015033547,adagrad,0.0010000000474974513,,,,,manual,False,0.9877216815948486,{}
trial_1747260983,0,1,0,0.01651446335017681,0.08663848787546158,0.21257229149341583,0.09468025714159012,0.29149162769317627,0.44674408435821533,,,0.4610556268647017,,,-9.258762346718092,,,0.5676105159289873,adagrad,0.0010000000474974513,,,,,manual,False,1.7878472805023193,{}
trial_1747260983,0,2,0,0.01155020296573639,0.06668961048126221,0.17505651712417603,0.0845055878162384,0.2552514374256134,0.40391242504119873,,,0.41839756060918637,,,-7.4482470120863145,,,0.5115115585747233,adagrad,0.0010000000474974513,,,,,manual,False,2.4939498901367188,{}
trial_1747260983,0,3,0,0.010443180799484253,0.05631590262055397,0.15390178561210632,0.08220570534467697,0.23426075279712677,0.37787094712257385,,,0.39230319194650454,,,-6.427317670146308,,,0.4776141425646843,adagrad,0.0010000000474974513,,,,,manual,False,3.2234134674072266,{}
trial_1747260983,0,4,0,0.009523107670247555,0.05060594528913498,0.14109428226947784,0.07998178154230118,0.22191336750984192,0.3613980710506439,,,0.37562516817662867,,,-5.80922497501405,,,0.4563599332850642,adagrad,0.0010000000474974513,,,,,manual,False,3.9391188621520996,{}
trial_1747260983,0,5,0,0.008987977169454098,0.046594664454460144,0.13144008815288544,0.0778110921382904,0.21284334361553192,0.3485821485519409,,,0.3625466660992972,,,-5.343313087155498,,,0.4399322339460319,adagrad,0.0010000000474974513,,,,,manual,False,4.809752941131592,{}
trial_1747260983,0,6,0,0.00859730876982212,0.04303792864084244,0.12269878387451172,0.07615077495574951,0.2044733464717865,0.33658695220947266,,,0.3502838727379122,,,-4.921457288401525,,,0.42458051222081483,adagrad,0.0010000000474974513,,,,,manual,False,5.623906135559082,{}
trial_1747260983,0,7,0,0.008223488926887512,0.04063107445836067,0.11614838242530823,0.07457791268825531,0.19864360988140106,0.32742589712142944,,,0.3408054901633035,,,-4.605333805355987,,,0.4129695314914796,adagrad,0.0010000000474974513,,,,,manual,False,6.3497583866119385,{}
trial_1747260983,0,8,0,0.0077587757259607315,0.03827924281358719,0.10981281101703644,0.0727965384721756,0.19277283549308777,0.3183022141456604,,,0.3313801534953238,,,-4.2995782050578875,,,0.4013923302375533,adagrad,0.0010000000474974513,,,,,manual,False,7.091850757598877,{}
trial_1747260983,0,9,1,0.0074377809651196,0.03575870394706726,0.10324299335479736,0.07027925550937653,0.18626196682453156,0.30851542949676514,,,0.3213144814700764,,,-3.9825184395021695,,,0.38893057885734783,adagrad,0.0010000000474974513,,,,,manual,False,7.822664499282837,{}
trial_1747260983,0,0,0,0.0022824860643595457,0.0006678567733615637,0.0010747016640380025,0.025865664705634117,0.016724474728107452,0.02457369491457939,,,0.03278264432596471,,,0.9481347734145769,,,0.03371122711799517,nadam,0.0010000000474974513,,,,,manual,False,2.1319541931152344,{}
trial_1747260983,0,1,0,0.0004999546799808741,0.0008210925152525306,0.0008715617004781961,0.0164992306381464,0.0205512885004282,0.021065417677164078,,,0.029522222455124317,,,0.9579383396023858,,,0.03001241664214556,nadam,0.0010000000474974513,,,,,manual,False,3.6873722076416016,{}
trial_1747260983,0,2,0,0.00046133395517244935,0.0015633119037374854,0.0014960297849029303,0.01585213653743267,0.03416408970952034,0.03210446611046791,,,0.038678544424192524,,,0.9278014359611841,,,0.044198018156153276,nadam,0.0010000000474974513,,,,,manual,False,5.031517744064331,{}
trial_1747260983,0,3,0,0.00048323094961233437,0.0003601188072934747,0.000689081905875355,0.016063397750258446,0.012430938892066479,0.020865371450781822,,,0.026250368700798728,,,0.9667448331469358,,,0.029096757079399214,nadam,0.0010000000474974513,,,,,manual,False,6.343155860900879,{}
trial_1747260983,0,4,0,0.00044466264080256224,0.00034631512244232,0.0005548478802666068,0.015237710438668728,0.012169341556727886,0.017823291942477226,,,0.02355520993301314,,,0.9732229780750957,,,0.025649532067545427,nadam,0.0010000000474974513,,,,,manual,False,7.692236423492432,{}
trial_1747260983,0,5,0,0.00040930756949819624,0.0003515448188409209,0.0008929206524044275,0.014642463997006416,0.014576627872884274,0.025764869526028633,,,0.029881776122238617,,,0.9569075554870407,,,0.035020459871744326,nadam,0.0010000000474974513,,,,,manual,False,9.016929626464844,{}
trial_1747260983,0,6,0,0.00036799386725760996,0.0013020648621022701,0.003666447941213846,0.013750961050391197,0.033731117844581604,0.05770542472600937,,,0.0605511994513238,,,0.8230568246362489,,,0.07470719719141493,nadam,0.0010000000474974513,,,,,manual,False,10.395464658737183,{}
trial_1747260983,0,7,0,0.0003589410043787211,0.00044503441313281655,0.00045718831825070083,0.013617333024740219,0.013384519144892693,0.013993104919791222,,,0.02138196113128275,,,0.9779360437700981,,,0.02084062392606785,nadam,0.0010000000474974513,,,,,manual,False,11.757189750671387,{}
trial_1747260983,0,8,0,0.00032291203388012946,0.0004969945875927806,0.00043057455332018435,0.01300282683223486,0.015001554973423481,0.013286763802170753,,,0.02075029172693037,,,0.9792204217158009,,,0.020019495753932796,nadam,0.0010000000474974513,,,,,manual,False,13.08385682106018,{}
trial_1747260983,0,9,1,0.00032596636447124183,0.0003126545634586364,0.0008320920169353485,0.012932602316141129,0.013760406523942947,0.025109751150012016,,,0.028846002983482243,,,0.9598431531777941,,,0.03380754482836891,nadam,0.0010000000474974513,,,,,manual,False,14.524214267730713,{}
trial_1747260983,0,0,0,0.001383583527058363,0.0007210695766843855,0.0017178907291963696,0.018636370077729225,0.023953484371304512,0.03796377778053284,,,0.04144744354965574,,,0.9170944102032372,,,0.05088205043522054,nadam,0.0010000000474974513,,,,,manual,False,2.276893138885498,{}
trial_1747260983,0,1,0,0.00030966303893364966,0.000660428951960057,0.0006584024522453547,0.013052362017333508,0.01811637356877327,0.017985232174396515,,,0.025659354728315927,,,0.9682254230357936,,,0.02588495959358293,nadam,0.0010000000474974513,,,,,manual,False,3.8164258003234863,{}
trial_1747260983,0,2,0,0.0002465236757416278,0.0004809670790564269,0.0010268200421705842,0.011591026559472084,0.01890512928366661,0.028378890827298164,,,0.032044031262279754,,,0.950445555815929,,,0.038765893136166185,nadam,0.0010000000474974513,,,,,manual,False,5.212964057922363,{}
trial_1747260983,0,3,0,0.00026756839361041784,0.000553151941858232,0.0014929692260921001,0.012079027481377125,0.02084575593471527,0.035495419055223465,,,0.03863895864498263,,,0.9279491444088993,,,0.04699867461875119,nadam,0.0010000000474974513,,,,,manual,False,6.637811660766602,{}
trial_1747260983,0,4,0,0.00024083159223664552,0.00030510526266880333,0.0007210657931864262,0.011515747755765915,0.013487104326486588,0.02303176559507847,,,0.026852667503284862,,,0.9652012868208546,,,0.03141730029008683,nadam,0.0010000000474974513,,,,,manual,False,8.102039813995361,{}
trial_1747260983,0,5,0,0.00020051894534844905,0.0002747997350525111,0.00036785146221518517,0.010655551217496395,0.010568794794380665,0.013830263167619705,,,0.019179455308900965,,,0.9822474455184068,,,0.0203905672288113,nadam,0.0010000000474974513,,,,,manual,False,9.605271100997925,{}
trial_1747260983,0,6,0,0.0002394284965703264,0.00025453444686718285,0.0003672539896797389,0.0113685866817832,0.010535037145018578,0.014323730953037739,,,0.019163870809563163,,,0.9822762839046371,,,0.02083361485170622,nadam,0.0010000000474974513,,,,,manual,False,11.085416078567505,{}
trial_1747260983,0,7,0,0.00021121278405189514,0.00034808224881999195,0.0003417403786443174,0.010580708272755146,0.011878314428031445,0.012359063141047955,,,0.018486219839489976,,,0.9835075740577821,,,0.018386655267417548,nadam,0.0010000000474974513,,,,,manual,False,12.46221375465393,{}
trial_1747260983,0,8,0,0.00018143985653296113,0.00024600568576715887,0.0005902429693378508,0.009961546398699284,0.0118086077272892,0.020826946943998337,,,0.02429491726610337,,,0.9715148071064658,,,0.028239006794731108,nadam,0.0010000000474974513,,,,,manual,False,13.841499328613281,{}
trial_1747260983,0,9,1,0.00018967136566061527,0.00156568200327456,0.0036803511902689934,0.010083461180329323,0.037781696766614914,0.058352552354335785,,,0.06066589488464,,,0.8223858620380757,,,0.07550492753954723,nadam,0.0010000000474974513,,,,,manual,False,15.231301069259644,{}
